Month,Sales,XGB_Predictions,Arima_Predictions
1992-01,4348,8773.90181595087,3580.7225703239046
1992-02,3564,4429.887395739554,3091.8007619350474
1992-03,4577,3956.8049623966203,4095.452591802444
1992-04,4788,5410.161548972129,4454.957977625516
1992-05,4618,5376.715527415275,4605.299740413602
1992-06,5312,5070.442828059196,4651.245721099634
1992-07,4298,6255.903532862662,4440.993724350928
1992-08,1413,1685.3278757333746,1587.0282017482677
1992-09,5877,2482.6918609142294,5696.168132516078
